,カウント　,X,Y,Z,ノルム,閾値1.5,連続消す,ジャーク,J閾値0.4,J閾値0.6,,,,,
1.5454E+12,1,0,0,0,0,0,0,0,0,0,0,,,,37
1.5454E+12,2,0,0,0,0,0,0,0,0,0,0,,,,53
1.5454E+12,3,0,0,0,0,0,0,0,0,0,0,,,,37
1.5454E+12,4,0,0,0,0,0,0,0,0,0,0,,,,6
1.5454E+12,5,0,0,0,0,0,0,0,0,0,0,,,,
1.5454E+12,6,0,0,0,0,0,0,0,0,0,0,,,,
1.5454E+12,7,0,0,0,0,0,0,0,0,0,0,,,,
1.5454E+12,8,-0.996,-0.224,-0.108,1.053856,0,0,1.053856,1,1,1,,,,
1.5454E+12,9,-1.008,-0.236,-0.096,1.080976,0,0,0.02712,0,0,0,,,,
1.5454E+12,10,-1.008,-0.236,-0.096,1.080976,0,0,0,0,0,0,,,,
1.5454E+12,11,-0.976,-0.188,-0.172,1.017504,0,0,-0.063472,0,0,0,,,,
1.5454E+12,12,-0.972,-0.196,-0.128,0.999584,0,0,-0.01792,0,0,0,,,,
1.5454E+12,13,-0.98,-0.164,-0.14,1.006896,0,0,0.007312,0,0,0,,,,
1.5454E+12,14,-1,-0.18,-0.16,1.058,0,0,0.051104,0,0,0,,,,
1.5454E+12,15,-0.972,-0.156,-0.22,1.01752,0,0,-0.04048,0,0,0,,,,
1.5454E+12,16,-0.972,-0.156,-0.22,1.01752,0,0,0,0,0,0,,,,
1.5454E+12,17,-0.996,-0.104,-0.168,1.031056,0,0,0.013536,0,0,0,,,,
1.5454E+12,18,-0.992,0,-0.128,1.000448,0,0,-0.030608,0,0,0,,,,
1.5454E+12,19,-1.084,0.044,-0.116,1.190448,0,0,0.19,0,0,0,,,,
1.5454E+12,20,-1.288,0.06,-0.02,1.662944,1,1,0.472496,1,0,0,,,,
1.5454E+12,21,-1.288,0.06,-0.02,1.662944,1,0,0,0,0,0,,,,
1.5454E+12,22,-0.78,-0.344,0.212,0.77168,0,0,-0.891264,0,0,0,,,,
1.5454E+12,23,-1.044,-0.148,0.004,1.111856,0,0,0.340176,0,0,0,,,,
1.5454E+12,24,-1.012,-0.176,-0.068,1.059744,0,0,-0.052112,0,0,0,,,,
1.5454E+12,25,-0.884,-0.2,-0.18,0.853856,0,0,-0.205888,0,0,0,,,,
1.5454E+12,26,-0.984,0.016,-0.188,1.003856,0,0,0.15,0,0,0,,,,
1.5454E+12,27,-0.912,-0.54,-0.34,1.238944,0,0,0.235088,0,0,0,,,,
1.5454E+12,28,-0.912,-0.54,-0.34,1.238944,0,0,0,0,0,0,,,,
1.5454E+12,29,-1.3,-0.436,-0.032,1.88112,1,1,0.642176,1,1,0,,,,
1.5454E+12,30,-1.04,-0.284,0.204,1.203872,0,0,-0.677248,0,0,0,,,,
1.5454E+12,31,-0.816,-0.244,0.06,0.728992,0,0,-0.47488,0,0,0,,,,
1.5454E+12,32,-1.012,-0.028,0.032,1.025952,0,0,0.29696,0,0,0,,,,
1.5454E+12,33,-0.872,-0.064,-0.008,0.764544,0,0,-0.261408,0,0,0,,,,
1.5454E+12,34,-0.872,-0.064,-0.008,0.764544,0,0,0,0,0,0,,,,
1.5454E+12,35,-1.232,0.032,-0.184,1.552704,1,1,0.78816,1,1,0,,,,
1.5454E+12,36,-1.372,-0.22,-0.004,1.9308,1,0,0.378096,0,0,0,,,,
1.5454E+12,37,-1.16,-0.416,0.08,1.525056,1,0,-0.405744,0,0,0,,,,
1.5454E+12,38,-0.652,-0.052,-0.064,0.431904,0,0,-1.093152,0,0,0,,,,
1.5454E+12,39,-0.796,-0.312,0,0.73096,0,0,0.299056,0,0,0,,,,
1.5454E+12,40,-0.796,-0.312,0,0.73096,0,0,0,0,0,0,,,,
1.5454E+12,41,-0.924,-0.244,-0.244,0.972848,0,0,0.241888,0,0,0,,,,
1.5454E+12,42,-1.016,-0.152,-0.232,1.109184,0,0,0.136336,0,0,0,,,,
1.5454E+12,43,-1.588,-0.788,0.276,3.218864,1,1,2.10968,1,1,0,,,,
1.5454E+12,44,-1.056,-0.124,-0.04,1.132112,0,0,-2.086752,0,0,0,,,,
1.5454E+12,45,-0.74,-0.22,0.012,0.596144,0,0,-0.535968,0,0,0,,,,
1.5454E+12,46,-0.74,-0.22,0.012,0.596144,0,0,0,0,0,0,,,,
1.5454E+12,47,-0.904,0.072,-0.124,0.837776,0,0,0.241632,0,0,0,,,,
1.5454E+12,48,-0.884,-0.048,-0.12,0.79816,0,0,-0.039616,0,0,0,,,,
1.5454E+12,49,-1.132,-0.148,-0.292,1.388592,0,0,0.590432,1,0,0,,,,
1.5454E+12,50,-1.448,-0.06,0.164,2.1272,1,1,0.738608,1,1,0,,,,
1.5454E+12,51,-1.268,0.196,-0.032,1.647264,1,0,-0.479936,0,0,0,,,,
1.5454E+12,52,-1.268,0.196,-0.032,1.647264,1,0,0,0,0,0,,,,
1.5454E+12,53,-0.796,-0.044,-0.004,0.635568,0,0,-1.011696,0,0,0,,,,
1.5454E+12,54,-0.988,-0.076,-0.028,0.982704,0,0,0.347136,0,0,0,,,,
1.5454E+12,55,-0.884,-0.1,0.028,0.79224,0,0,-0.190464,0,0,0,,,,
1.5454E+12,56,-0.84,-0.124,0.088,0.72872,0,0,-0.06352,0,0,0,,,,
1.5454E+12,57,-1.276,-0.208,0.648,2.091344,1,1,1.362624,1,1,0,,,,
1.5454E+12,58,-1.276,-0.208,0.648,2.091344,1,0,0,0,0,0,,,,
1.5454E+12,59,-1.204,0.012,0.104,1.460576,0,0,-0.630768,0,0,0,,,,
1.5454E+12,60,-0.856,-0.084,0.096,0.749008,0,0,-0.711568,0,0,0,,,,
1.5454E+12,61,-1.144,0.012,0,1.30888,0,0,0.559872,1,0,0,,,,
1.5454E+12,62,-0.992,0.064,-0.008,0.988224,0,0,-0.320656,0,0,0,,,,
1.5454E+12,63,-0.992,0.064,-0.008,0.988224,0,0,0,0,0,0,,,,
1.5454E+12,64,-0.856,0.036,-0.06,0.737632,0,0,-0.250592,0,0,0,,,,
1.5454E+12,65,-0.968,0.172,-0.056,0.969744,0,0,0.232112,0,0,0,,,,
1.5454E+12,66,-0.948,0.1,-0.204,0.95032,0,0,-0.019424,0,0,0,,,,
1.5454E+12,67,-1.032,0.108,-0.072,1.081872,0,0,0.131552,0,0,0,,,,
1.5454E+12,68,-1.324,-0.388,0.224,1.953696,1,1,0.871824,1,1,0,,,,
1.5454E+12,69,-1.16,-0.224,0.012,1.39592,0,0,-0.557776,0,0,0,,,,
1.5454E+12,70,-1.16,-0.224,0.012,1.39592,0,0,0,0,0,0,,,,
1.5454E+12,71,-0.832,-0.284,-0.012,0.773024,0,0,-0.622896,0,0,0,,,,
1.5454E+12,72,-0.84,-0.24,-0.152,0.786304,0,0,0.01328,0,0,0,,,,
1.5454E+12,73,-0.764,-0.296,-0.284,0.751968,0,0,-0.034336,0,0,0,,,,
1.5454E+12,74,-1.168,-0.164,-0.236,1.446816,0,0,0.694848,1,1,0,,,,
1.5454E+12,75,-1.276,-0.628,0.012,2.022704,1,1,0.575888,1,0,0,,,,
1.5454E+12,76,-1.276,-0.628,0.012,2.022704,1,0,0,0,0,0,,,,
1.5454E+12,77,-0.756,-0.22,0.252,0.68344,0,0,-1.339264,0,0,0,,,,
1.5454E+12,78,-0.888,-0.024,0.024,0.789696,0,0,0.106256,0,0,0,,,,
1.5454E+12,79,-0.996,-0.06,-0.044,0.997552,0,0,0.207856,0,0,0,,,,
1.5454E+12,80,-0.876,-0.032,-0.068,0.773024,0,0,-0.224528,0,0,0,,,,
1.5454E+12,81,-1.008,-0.272,-0.048,1.092352,0,0,0.319328,0,0,0,,,,
1.5454E+12,82,-1.008,-0.272,-0.048,1.092352,0,0,0,0,0,0,,,,
1.5454E+12,83,-1.08,0.012,-0.196,1.20496,0,0,0.112608,0,0,0,,,,
1.5454E+12,84,-1.124,-0.012,0.468,1.482544,0,0,0.277584,0,0,0,,,,
1.5454E+12,85,-1.232,-0.044,0.02,1.52016,1,1,0.037616,0,0,0,,,,
1.5454E+12,86,-0.96,-0.12,-0.04,0.9376,0,0,-0.58256,0,0,0,,,,
1.5454E+12,87,-0.872,-0.116,-0.084,0.780896,0,0,-0.156704,0,0,0,,,,
1.5454E+12,88,-0.872,-0.116,-0.084,0.780896,0,0,0,0,0,0,,,,
1.5454E+12,89,-0.884,-0.168,-0.16,0.83528,0,0,0.054384,0,0,0,,,,
1.5454E+12,90,-1.024,-0.136,-0.032,1.068096,0,0,0.232816,0,0,0,,,,
1.5454E+12,91,-1.108,-0.22,-0.144,1.2968,0,0,0.228704,0,0,0,,,,
1.5454E+12,92,-0.732,-0.14,0.168,0.583648,0,0,-0.713152,0,0,0,,,,
1.5454E+12,93,-1.008,-0.188,0.068,1.056032,0,0,0.472384,1,0,0,,,,
1.5454E+12,94,-1.008,-0.188,0.068,1.056032,0,0,0,0,0,0,,,,
1.5454E+12,95,-0.948,-0.104,-0.02,0.90992,0,0,-0.146112,0,0,0,,,,
1.5454E+12,96,-0.972,-0.06,-0.036,0.94968,0,0,0.03976,0,0,0,,,,
1.5454E+12,97,-0.94,-0.164,-0.1,0.920496,0,0,-0.029184,0,0,0,,,,
1.5454E+12,98,-1,-0.08,-0.148,1.028304,0,0,0.107808,0,0,0,,,,
1.5454E+12,99,-1.348,-0.316,0.24,1.97456,1,1,0.946256,1,1,0,,,,
1.5454E+12,100,-1.348,-0.316,0.24,1.97456,1,0,0,0,0,0,,,,
1.5454E+12,101,-0.924,-0.092,-0.068,0.866864,0,0,-1.107696,0,0,0,,,,
1.5454E+12,102,-0.9,-0.408,0.06,0.980064,0,0,0.1132,0,0,0,,,,
1.5454E+12,103,-0.876,-0.308,-0.06,0.86584,0,0,-0.114224,0,0,0,,,,
1.5454E+12,104,-1.052,-0.196,-0.012,1.145264,0,0,0.279424,0,0,0,,,,
1.5454E+12,105,-1.032,-0.284,-0.016,1.145936,0,0,0.000672,0,0,0,,,,
1.5454E+12,106,-1.032,-0.284,-0.016,1.145936,0,0,0,0,0,0,,,,
1.5454E+12,107,-1.008,-0.264,-0.056,1.088896,0,0,-0.05704,0,0,0,,,,
1.5454E+12,108,-0.888,-0.256,-0.08,0.86048,0,0,-0.228416,0,0,0,,,,
1.5454E+12,109,-0.912,-0.272,-0.168,0.933952,0,0,0.073472,0,0,0,,,,
1.5454E+12,110,-0.912,-0.272,-0.168,0.933952,0,0,0,0,0,0,,,,
1.5454E+12,111,-0.864,-0.324,-0.36,0.981072,0,0,0.04712,0,0,0,,,,
1.5454E+12,112,-0.864,-0.324,-0.36,0.981072,0,0,0,0,0,0,,,,
1.5454E+12,113,-1.112,-0.16,-0.136,1.28064,0,0,0.299568,0,0,0,,,,
1.5454E+12,114,-0.928,-0.564,0.008,1.179344,0,0,-0.101296,0,0,0,,,,
1.5454E+12,115,-0.872,-0.12,-0.004,0.7748,0,0,-0.404544,0,0,0,,,,
1.5454E+12,116,-0.964,-0.196,-0.116,0.981168,0,0,0.206368,0,0,0,,,,
1.5454E+12,117,-0.924,-0.076,-0.136,0.878048,0,0,-0.10312,0,0,0,,,,
1.5454E+12,118,-0.924,-0.076,-0.136,0.878048,0,0,0,0,0,0,,,,
1.5454E+12,119,-1.012,-0.092,-0.168,1.060832,0,0,0.182784,0,0,0,,,,
1.5454E+12,120,-1.24,-0.144,-0.256,1.623872,1,1,0.56304,1,0,0,,,,
1.5454E+12,121,-0.972,-0.348,0.308,1.160752,0,0,-0.46312,0,0,0,,,,
1.5454E+12,122,-1.14,-0.012,0.052,1.302448,0,0,0.141696,0,0,0,,,,
1.5454E+12,123,-1.012,-0.064,-0.088,1.035984,0,0,-0.266464,0,0,0,,,,
1.5454E+12,124,-1.012,-0.064,-0.088,1.035984,0,0,0,0,0,0,,,,
1.5454E+12,125,-0.996,-0.192,-0.084,1.035936,0,0,-4.8E-05,0,0,0,,,,
1.5454E+12,126,-0.944,-0.12,-0.052,0.90824,0,0,-0.127696,0,0,0,,,,
1.5454E+12,127,-0.84,-0.244,0.008,0.7652,0,0,-0.14304,0,0,0,,,,
1.5454E+12,128,-1.288,-0.28,0.476,1.96392,1,1,1.19872,1,1,0,,,,
1.5454E+12,129,-1.116,0.22,0.104,1.304672,0,0,-0.659248,0,0,0,,,,
1.5454E+12,130,-1.116,0.22,0.104,1.304672,0,0,0,0,0,0,,,,
1.5454E+12,131,-0.896,0.048,0.012,0.805264,0,0,-0.499408,0,0,0,,,,
1.5454E+12,132,-0.992,0.116,0.16,1.02312,0,0,0.217856,0,0,0,,,,
1.5454E+12,133,-0.916,0.004,-0.072,0.844256,0,0,-0.178864,0,0,0,,,,
1.5454E+12,134,-0.992,0.056,0.064,0.991296,0,0,0.14704,0,0,0,,,,
1.5454E+12,135,-1.012,0.036,-0.08,1.03184,0,0,0.040544,0,0,0,,,,
1.5454E+12,136,-1.012,0.036,-0.08,1.03184,0,0,0,0,0,0,,,,
1.5454E+12,137,-0.992,0.016,-0.076,0.990096,0,0,-0.041744,0,0,0,,,,
1.5454E+12,138,-1.028,-0.112,-0.04,1.070928,0,0,0.080832,0,0,0,,,,
1.5454E+12,139,-1.044,-0.14,-0.072,1.11472,0,0,0.043792,0,0,0,,,,
1.5454E+12,140,-1.112,-0.032,-0.048,1.239872,0,0,0.125152,0,0,0,,,,
1.5454E+12,141,-1.112,-0.032,-0.048,1.239872,0,0,0,0,0,0,,,,
1.5454E+12,142,-0.984,-0.176,0.024,0.999808,0,0,-0.240064,0,0,0,,,,
1.5454E+12,143,-0.976,-0.276,0.096,1.037968,0,0,0.03816,0,0,0,,,,
1.5454E+12,144,-0.964,-0.312,0.048,1.028944,0,0,-0.009024,0,0,0,,,,
1.5454E+12,145,-1.228,-0.012,0.028,1.508912,1,1,0.479968,1,0,0,,,,
1.5454E+12,146,-0.996,-0.4,0.02,1.152416,0,0,-0.356496,0,0,0,,,,
1.5454E+12,147,-0.996,-0.4,0.02,1.152416,0,0,0,0,0,0,,,,
1.5454E+12,148,-0.996,-0.124,-0.02,1.007792,0,0,-0.144624,0,0,0,,,,
1.5454E+12,149,-1.028,-0.16,-0.004,1.0824,0,0,0.074608,0,0,0,,,,
1.5454E+12,150,-1,-0.124,-0.024,1.015952,0,0,-0.066448,0,0,0,,,,
1.5454E+12,151,-1.02,-0.116,-0.024,1.054432,0,0,0.03848,0,0,0,,,,
1.5454E+12,152,-1.016,-0.136,-0.04,1.052352,0,0,-0.00208,0,0,0,,,,
1.5454E+12,153,-1.016,-0.136,-0.04,1.052352,0,0,0,0,0,0,,,,
1.5454E+12,154,-1.008,-0.128,-0.028,1.033232,0,0,-0.01912,0,0,0,,,,
1.5454E+12,155,-1.016,-0.128,-0.012,1.048784,0,0,0.015552,0,0,0,,,,
1.5454E+12,156,-1.012,-0.128,-0.02,1.040928,0,0,-0.007856,0,0,0,,,,
1.5454E+12,157,-1.016,-0.12,-0.016,1.046912,0,0,0.005984,0,0,0,,,,
1.5454E+12,158,-1.008,-0.136,-0.032,1.035584,0,0,-0.011328,0,0,0,,,,
1.5454E+12,159,-1.024,-0.132,0.008,1.066064,0,0,0.03048,0,0,0,,,,
1.5454E+12,160,-1.024,-0.132,0.008,1.066064,0,0,0,0,0,0,,,,
1.5454E+12,161,-1.024,-0.14,0.004,1.068192,0,0,0.002128,0,0,0,,,,
1.5454E+12,162,-1.004,-0.132,0,1.02544,0,0,-0.042752,0,0,0,,,,
1.5454E+12,163,-1.008,-0.128,0.004,1.032464,0,0,0.007024,0,0,0,,,,
1.5454E+12,164,-1.02,-0.1,-0.024,1.050976,0,0,0.018512,0,0,0,,,,
1.5454E+12,165,-1.028,-0.068,0.008,1.061472,0,0,0.010496,0,0,0,,,,
1.5454E+12,166,-1.028,-0.068,0.008,1.061472,0,0,0,0,0,0,,,,
1.5454E+12,167,-1.036,-0.112,0.008,1.085904,0,0,0.024432,0,0,0,,,,
1.5454E+12,168,-1.008,-0.16,0.028,1.042448,0,0,-0.043456,0,0,0,,,,
1.5454E+12,169,-1,-0.156,0.044,1.026272,0,0,-0.016176,0,0,0,,,,
1.5454E+12,170,-1.004,-0.16,0.024,1.034192,0,0,0.00792,0,0,0,,,,
1.5454E+12,171,-1.008,-0.136,0.032,1.035584,0,0,0.001392,0,0,0,,,,
1.5454E+12,172,-1.008,-0.136,0.032,1.035584,0,0,0,0,0,0,,,,
1.5454E+12,173,-1.024,-0.14,0.036,1.069472,0,0,0.033888,0,0,0,,,,
1.5454E+12,174,-1.048,-0.236,0.224,1.204176,0,0,0.134704,0,0,0,,,,
1.5454E+12,175,-0.996,0.008,0.032,0.993104,0,0,-0.211072,0,0,0,,,,
1.5454E+12,176,-1.084,-0.048,-0.096,1.186576,0,0,0.193472,0,0,0,,,,
1.5454E+12,177,-0.964,-0.128,-0.16,0.97128,0,0,-0.215296,0,0,0,,,,
1.5454E+12,178,-0.964,-0.128,-0.16,0.97128,0,0,0,0,0,0,,,,
1.5454E+12,179,-0.944,-0.1,-0.168,0.92936,0,0,-0.04192,0,0,0,,,,
1.5454E+12,180,-0.976,-0.168,-0.1,0.9908,0,0,0.06144,0,0,0,,,,
1.5454E+12,181,-0.992,-0.152,-0.112,1.019712,0,0,0.028912,0,0,0,,,,
1.5454E+12,182,-0.912,-0.352,0.132,0.973072,0,0,-0.04664,0,0,0,,,,
1.5454E+12,183,-1.124,-0.168,0.016,1.291856,0,0,0.318784,0,0,0,,,,
1.5454E+12,184,-1.124,-0.168,0.016,1.291856,0,0,0,0,0,0,,,,
1.5454E+12,185,-0.944,-0.288,0.28,1.05248,0,0,-0.239376,0,0,0,,,,
1.5454E+12,186,-0.988,-0.184,0.304,1.102416,0,0,0.049936,0,0,0,,,,
1.5454E+12,187,-0.988,-0.184,0.188,1.045344,0,0,-0.057072,0,0,0,,,,
1.5454E+12,188,-1.032,-0.08,0.084,1.07848,0,0,0.033136,0,0,0,,,,
1.5454E+12,189,-0.964,-0.132,0,0.94672,0,0,-0.13176,0,0,0,,,,
1.5454E+12,190,-0.964,-0.132,0,0.94672,0,0,0,0,0,0,,,,
1.5454E+12,191,-0.936,-0.052,-0.064,0.882896,0,0,-0.063824,0,0,0,,,,
1.5454E+12,192,-0.972,-0.052,0.048,0.949792,0,0,0.066896,0,0,0,,,,
1.5454E+12,193,-1.46,0.084,0.028,2.13944,1,1,1.189648,1,1,0,,,,
1.5454E+12,194,-0.968,-0.308,0.144,1.052624,0,0,-1.086816,0,0,0,,,,
1.5454E+12,195,-0.992,-0.064,0.16,1.01376,0,0,-0.038864,0,0,0,,,,
1.5454E+12,196,-0.992,-0.064,0.16,1.01376,0,0,0,0,0,0,,,,
1.5454E+12,197,-1.084,-0.252,0.088,1.246304,0,0,0.232544,0,0,0,,,,
1.5454E+12,198,-0.92,-0.072,-0.012,0.851728,0,0,-0.394576,0,0,0,,,,
1.5454E+12,199,-0.84,-0.2,-0.116,0.759056,0,0,-0.092672,0,0,0,,,,
1.5454E+12,200,-0.848,-0.128,-0.16,0.761088,0,0,0.002032,0,0,0,,,,
1.5454E+12,201,-0.964,-0.228,-0.128,0.997664,0,0,0.236576,0,0,0,,,,
1.5454E+12,202,-0.964,-0.228,-0.128,0.997664,0,0,0,0,0,0,,,,
1.5454E+12,203,-1.088,-0.396,0.168,1.368784,0,0,0.37112,0,0,0,,,,
1.5454E+12,204,-1.02,-0.328,0.136,1.16648,0,0,-0.202304,0,0,0,,,,
1.5454E+12,205,-0.78,-0.232,0.072,0.667408,0,0,-0.499072,0,0,0,,,,
1.5454E+12,206,-0.98,-0.112,0.024,0.97352,0,0,0.306112,0,0,0,,,,
1.5454E+12,207,-1.016,0.012,-0.056,1.035536,0,0,0.062016,0,0,0,,,,
1.5454E+12,208,-1.016,0.012,-0.056,1.035536,0,0,0,0,0,0,,,,
1.5454E+12,209,-0.952,-0.072,-0.08,0.917888,0,0,-0.117648,0,0,0,,,,
1.5454E+12,210,-0.98,-0.18,-0.22,1.0412,0,0,0.123312,0,0,0,,,,
1.5454E+12,211,-1.52,-0.252,0.688,2.847248,1,1,1.806048,1,1,0,,,,
1.5454E+12,212,-1.032,-0.26,0.028,1.133408,0,0,-1.71384,0,0,0,,,,
1.5454E+12,213,-0.748,-0.224,0.036,0.610976,0,0,-0.522432,0,0,0,,,,
1.5454E+12,214,-0.748,-0.224,0.036,0.610976,0,0,0,0,0,0,,,,
1.5454E+12,215,-0.912,-0.152,-0.016,0.855104,0,0,0.244128,0,0,0,,,,
1.5454E+12,216,-0.996,-0.328,-0.068,1.104224,0,0,0.24912,0,0,0,,,,
1.5454E+12,217,-0.868,-0.104,-0.188,0.799584,0,0,-0.30464,0,0,0,,,,
1.5454E+12,218,-1,-0.284,-0.208,1.12392,0,0,0.324336,0,0,0,,,,
1.5454E+12,219,-0.952,-0.076,-0.216,0.958736,0,0,-0.165184,0,0,0,,,,
1.5454E+12,220,-0.952,-0.076,-0.216,0.958736,0,0,0,0,0,0,,,,
1.5454E+12,221,-1.044,-0.204,-0.264,1.201248,0,0,0.242512,0,0,0,,,,
1.5454E+12,222,-0.88,0.088,0.18,0.814544,0,0,-0.386704,0,0,0,,,,
1.5454E+12,223,-0.836,-0.016,0.316,0.799008,0,0,-0.015536,0,0,0,,,,
1.5454E+12,224,-0.948,-0.12,0.276,0.98928,0,0,0.190272,0,0,0,,,,
1.5454E+12,225,-1.012,0.144,0.2,1.08488,0,0,0.0956,0,0,0,,,,
1.5454E+12,226,-1.012,0.144,0.2,1.08488,0,0,0,0,0,0,,,,
1.5454E+12,227,-1.02,0.012,0.172,1.070128,0,0,-0.014752,0,0,0,,,,
1.5454E+12,228,-1.012,-0.004,0.176,1.055136,0,0,-0.014992,0,0,0,,,,
1.5454E+12,229,-1.14,-0.064,0.128,1.32008,0,0,0.264944,0,0,0,,,,
1.5454E+12,230,-0.988,-0.2,-0.04,1.017744,0,0,-0.302336,0,0,0,,,,
1.5454E+12,231,-1.004,-0.08,0.032,1.01544,0,0,-0.002304,0,0,0,,,,
1.5454E+12,232,-1.004,-0.08,0.032,1.01544,0,0,0,0,0,0,,,,
1.5454E+12,233,-1.028,0.012,-0.032,1.057952,0,0,0.042512,0,0,0,,,,
1.5454E+12,234,-0.976,0.08,-0.08,0.965376,0,0,-0.092576,0,0,0,,,,
1.5454E+12,235,-0.972,0.084,-0.036,0.953136,0,0,-0.01224,0,0,0,,,,
1.5454E+12,236,-0.968,0.084,-0.072,0.949264,0,0,-0.003872,0,0,0,,,,
1.5454E+12,237,-0.968,0.084,-0.072,0.949264,0,0,0,0,0,0,,,,
1.5454E+12,238,-0.984,0.068,-0.024,0.973456,0,0,0.024192,0,0,0,,,,
1.5454E+12,239,-1.16,0.136,-0.056,1.367232,0,0,0.393776,0,0,0,,,,
1.5454E+12,240,-1.32,-0.308,-0.368,1.972688,1,1,0.605456,1,1,0,,,,
1.5454E+12,241,-1.04,-0.304,0.22,1.222416,0,0,-0.750272,0,0,0,,,,
1.5454E+12,242,-0.92,-0.268,0.1,0.928224,0,0,-0.294192,0,0,0,,,,
1.5454E+12,243,-0.92,-0.268,0.1,0.928224,0,0,0,0,0,0,,,,
1.5454E+12,244,-0.892,-0.092,0.056,0.807264,0,0,-0.12096,0,0,0,,,,
1.5454E+12,245,-0.896,-0.144,-0.02,0.823952,0,0,0.016688,0,0,0,,,,
1.5454E+12,246,-1.028,-0.248,-0.076,1.124064,0,0,0.300112,0,0,0,,,,
1.5454E+12,247,-0.94,-0.192,-0.144,0.9412,0,0,-0.182864,0,0,0,,,,
1.5454E+12,248,-0.972,-0.168,-0.12,0.987408,0,0,0.046208,0,0,0,,,,
1.5454E+12,249,-0.972,-0.168,-0.12,0.987408,0,0,0,0,0,0,,,,
1.5454E+12,250,-0.86,-0.212,-0.156,0.80888,0,0,-0.178528,0,0,0,,,,
1.5454E+12,251,-0.932,-0.24,-0.176,0.9572,0,0,0.14832,0,0,0,,,,
1.5454E+12,252,-1.628,-0.8,0.268,3.362208,1,1,2.405008,1,1,0,,,,
1.5454E+12,253,-1.044,-0.136,0.36,1.238032,0,0,-2.124176,0,0,0,,,,
1.5454E+12,254,-0.992,-0.244,0.22,1.092,0,0,-0.146032,0,0,0,,,,
1.5454E+12,255,-0.824,-0.148,0.168,0.729104,0,0,-0.362896,0,0,0,,,,
1.5454E+12,256,-0.824,-0.148,0.168,0.729104,0,0,0,0,0,0,,,,
1.5454E+12,257,-0.988,-0.212,0.044,1.023024,0,0,0.29392,0,0,0,,,,
1.5454E+12,258,-0.82,-0.14,0.06,0.6956,0,0,-0.327424,0,0,0,,,,
1.5454E+12,259,-0.932,-0.028,-0.156,0.893744,0,0,0.198144,0,0,0,,,,
1.5454E+12,260,-1.008,-0.112,-0.196,1.067024,0,0,0.17328,0,0,0,,,,
1.5454E+12,261,-1.008,-0.112,-0.196,1.067024,0,0,0,0,0,0,,,,
1.5454E+12,262,-0.988,0.096,-0.16,1.01096,0,0,-0.056064,0,0,0,,,,
1.5454E+12,263,-0.948,-0.056,-0.216,0.948496,0,0,-0.062464,0,0,0,,,,
1.5454E+12,264,-1.14,0.1,-0.044,1.311536,0,0,0.36304,0,0,0,,,,
1.5454E+12,265,-1.092,-0.292,0.288,1.360672,0,0,0.049136,0,0,0,,,,
1.5454E+12,266,-0.864,-0.188,0.212,0.826784,0,0,-0.533888,0,0,0,,,,
1.5454E+12,267,-0.864,-0.188,0.212,0.826784,0,0,0,0,0,0,,,,
1.5454E+12,268,-1.044,-0.136,0.32,1.210832,0,0,0.384048,0,0,0,,,,
1.5454E+12,269,-0.916,-0.072,-0.048,0.846544,0,0,-0.364288,0,0,0,,,,
1.5454E+12,270,-0.78,-0.176,-0.032,0.6404,0,0,-0.206144,0,0,0,,,,
1.5454E+12,271,-0.912,-0.14,-0.064,0.85544,0,0,0.21504,0,0,0,,,,
1.5454E+12,272,-0.944,-0.128,-0.036,0.908816,0,0,0.053376,0,0,0,,,,
1.5454E+12,273,-0.944,-0.128,-0.036,0.908816,0,0,0,0,0,0,,,,
1.5454E+12,274,-0.96,-0.264,-0.172,1.02088,0,0,0.112064,0,0,0,,,,
1.5454E+12,275,-1.536,-0.36,0.428,2.67208,1,1,1.6512,1,1,0,,,,
1.5454E+12,276,-0.864,-0.208,0.1,0.79976,0,0,-1.87232,0,0,0,,,,
1.5454E+12,277,-0.992,-0.228,0.204,1.077664,0,0,0.277904,0,0,0,,,,
1.5454E+12,278,-1.012,-0.268,0.232,1.149792,0,0,0.072128,0,0,0,,,,
1.5454E+12,279,-1.012,-0.268,0.232,1.149792,0,0,0,0,0,0,,,,
1.5454E+12,280,-0.9,-0.34,0.172,0.955184,0,0,-0.194608,0,0,0,,,,
1.5454E+12,281,-0.976,-0.176,0.2,1.023552,0,0,0.068368,0,0,0,,,,
1.5454E+12,282,-1.028,-0.24,0.06,1.117984,0,0,0.094432,0,0,0,,,,
1.5454E+12,283,-1.076,-0.124,-0.072,1.178336,0,0,0.060352,0,0,0,,,,
1.5454E+12,284,-0.928,-0.184,-0.112,0.907584,0,0,-0.270752,0,0,0,,,,
1.5454E+12,285,-0.928,-0.184,-0.112,0.907584,0,0,0,0,0,0,,,,
1.5454E+12,286,-0.92,-0.12,-0.2,0.9008,0,0,-0.006784,0,0,0,,,,
1.5454E+12,287,-0.996,-0.196,-0.176,1.061408,0,0,0.160608,0,0,0,,,,
1.5454E+12,288,-1.016,-0.144,-0.216,1.099648,0,0,0.03824,0,0,0,,,,
1.5454E+12,289,-1.516,-0.032,-0.016,2.299536,1,1,1.199888,1,1,0,,,,
1.5454E+12,290,-0.764,-0.3,0.188,0.70904,0,0,-1.590496,0,0,0,,,,
1.5454E+12,291,-0.764,-0.3,0.188,0.70904,0,0,0,0,0,0,,,,
1.5454E+12,292,-1.156,-0.104,0.324,1.452128,0,0,0.743088,1,1,1,,,,
1.5454E+12,293,-0.992,-0.176,0.116,1.028496,0,0,-0.423632,0,0,0,,,,
1.5454E+12,294,-0.904,-0.064,0.12,0.835712,0,0,-0.192784,0,0,0,,,,
1.5454E+12,295,-1.016,-0.128,0.164,1.075536,0,0,0.239824,0,0,0,,,,
1.5454E+12,296,-0.9,-0.244,0.108,0.8812,0,0,-0.194336,0,0,0,,,,
1.5454E+12,297,-0.9,-0.244,0.108,0.8812,0,0,0,0,0,0,,,,
1.5454E+12,298,-0.988,-0.172,0.264,1.075424,0,0,0.194224,0,0,0,,,,
1.5454E+12,299,-1.268,0.012,0.316,1.707824,1,1,0.6324,1,1,0,,,,
1.5454E+12,300,-1.088,0.052,0.148,1.208352,0,0,-0.499472,0,0,0,,,,
1.5454E+12,301,-0.996,-0.104,0.076,1.008608,0,0,-0.199744,0,0,0,,,,
1.5454E+12,302,-1.004,-0.076,0.044,1.015728,0,0,0.00712,0,0,0,,,,
1.5454E+12,303,-1.004,-0.076,0.044,1.015728,0,0,0,0,0,0,,,,
1.5454E+12,304,-1.024,-0.036,0.096,1.059088,0,0,0.04336,0,0,0,,,,
1.5454E+12,305,-1.016,0.024,0.04,1.034432,0,0,-0.024656,0,0,0,,,,
1.5454E+12,306,-0.968,0.076,-0.008,0.942864,0,0,-0.091568,0,0,0,,,,
1.5454E+12,307,-1.028,0.104,0.036,1.068896,0,0,0.126032,0,0,0,,,,
1.5454E+12,308,-1.616,-0.18,0.284,2.724512,1,1,1.655616,1,1,0,,,,
1.5454E+12,309,-1.616,-0.18,0.284,2.724512,1,0,0,0,0,0,,,,
1.5454E+12,310,-0.836,-0.36,0.112,0.84104,0,0,-1.883472,0,0,0,,,,
1.5454E+12,311,-0.644,-0.2,0.18,0.487136,0,0,-0.353904,0,0,0,,,,
1.5454E+12,312,-1.052,-0.216,-0.02,1.15376,0,0,0.666624,1,1,1,,,,
1.5454E+12,313,-1.072,-0.076,-0.008,1.155024,0,0,0.001264,0,0,0,,,,
1.5454E+12,314,-0.952,-0.2,-0.06,0.949904,0,0,-0.20512,0,0,0,,,,
1.5454E+12,315,-0.952,-0.2,-0.06,0.949904,0,0,0,0,0,0,,,,
1.5454E+12,316,-0.888,-0.196,-0.012,0.827104,0,0,-0.1228,0,0,0,,,,
1.5454E+12,317,-0.96,-0.26,-0.1,0.9992,0,0,0.172096,0,0,0,,,,
1.5454E+12,318,-1.044,-0.456,0.084,1.304928,0,0,0.305728,0,0,0,,,,
1.5454E+12,319,-1.056,-0.108,0.264,1.196496,0,0,-0.108432,0,0,0,,,,
1.5454E+12,320,-1.028,-0.16,0.152,1.105488,0,0,-0.091008,0,0,0,,,,
1.5454E+12,321,-1.028,-0.16,0.152,1.105488,0,0,0,0,0,0,,,,
1.5454E+12,322,-1.02,-0.132,0.14,1.077424,0,0,-0.028064,0,0,0,,,,
1.5454E+12,323,-1,-0.172,0.14,1.049184,0,0,-0.02824,0,0,0,,,,
1.5454E+12,324,-1.008,-0.128,0.128,1.048832,0,0,-0.000352,0,0,0,,,,
1.5454E+12,325,-1.012,-0.164,0.108,1.062704,0,0,0.013872,0,0,0,,,,
1.5454E+12,326,-1,-0.144,0.1,1.030736,0,0,-0.031968,0,0,0,,,,
1.5454E+12,327,-1,-0.144,0.1,1.030736,0,0,0,0,0,0,,,,
1.5454E+12,328,-1.012,-0.136,0.136,1.061136,0,0,0.0304,0,0,0,,,,
1.5454E+12,329,-1,-0.136,0.136,1.036992,0,0,-0.024144,0,0,0,,,,
1.5454E+12,330,-1.004,-0.14,0.12,1.042016,0,0,0.005024,0,0,0,,,,
1.5454E+12,331,-1.004,-0.156,0.124,1.047728,0,0,0.005712,0,0,0,,,,
1.5454E+12,332,-0.972,-0.152,0.14,0.987488,0,0,-0.06024,0,0,0,,,,
1.5454E+12,333,-0.972,-0.152,0.14,0.987488,0,0,0,0,0,0,,,,
1.5454E+12,334,-0.992,-0.26,0.1,1.061664,0,0,0.074176,0,0,0,,,,
1.5454E+12,335,-0.976,-0.144,0.148,0.995216,0,0,-0.066448,0,0,0,,,,
1.5454E+12,336,-1,-0.204,0.148,1.06352,0,0,0.068304,0,0,0,,,,
1.5454E+12,337,-1.052,-0.096,-0.128,1.132304,0,0,0.068784,0,0,0,,,,
1.5454E+12,338,-1.124,-0.128,-0.096,1.288976,0,0,0.156672,0,0,0,,,,
1.5454E+12,339,-1.124,-0.128,-0.096,1.288976,0,0,0,0,0,0,,,,
1.5454E+12,340,-0.972,-0.344,-0.144,1.083856,0,0,-0.20512,0,0,0,,,,
1.5454E+12,341,-0.96,0,-0.08,0.928,0,0,-0.155856,0,0,0,,,,
1.5454E+12,342,-1.024,-0.016,-0.136,1.067328,0,0,0.139328,0,0,0,,,,
1.5454E+12,343,-1.288,0.092,-0.088,1.675152,1,1,0.607824,1,1,0,,,,
1.5454E+12,344,-1.012,0.032,-0.132,1.042592,0,0,-0.63256,0,0,0,,,,
1.5454E+12,345,-1.012,0.032,-0.132,1.042592,0,0,0,0,0,0,,,,
1.5454E+12,346,-0.664,-0.2,0.26,0.548496,0,0,-0.494096,0,0,0,,,,
1.5454E+12,347,-1.168,-0.248,-0.06,1.429328,0,0,0.880832,1,1,1,,,,
1.5454E+12,348,-1.116,-0.064,0.044,1.251488,0,0,-0.17784,0,0,0,,,,
1.5454E+12,349,-0.956,-0.104,-0.08,0.931152,0,0,-0.320336,0,0,0,,,,
1.5454E+12,350,-0.812,-0.156,-0.076,0.689456,0,0,-0.241696,0,0,0,,,,
1.5454E+12,351,-0.812,-0.156,-0.076,0.689456,0,0,0,0,0,0,,,,
1.5454E+12,352,-1.004,-0.088,-0.108,1.027424,0,0,0.337968,0,0,0,,,,
1.5454E+12,353,-0.868,-0.236,-0.06,0.81272,0,0,-0.214704,0,0,0,,,,
1.5454E+12,354,-1.788,-1.056,0.636,4.716576,1,1,3.903856,1,1,0,,,,
1.5454E+12,355,-1.156,-0.352,0.312,1.557584,1,0,-3.158992,0,0,0,,,,
1.5454E+12,356,-0.76,-0.18,0.084,0.617056,0,0,-0.940528,0,0,0,,,,
1.5454E+12,357,-0.76,-0.18,0.084,0.617056,0,0,0,0,0,0,,,,
1.5454E+12,358,-0.992,-0.168,0.216,1.058944,0,0,0.441888,1,0,0,,,,
1.5454E+12,359,-0.984,-0.196,0.072,1.011856,0,0,-0.047088,0,0,0,,,,
1.5454E+12,360,-0.764,-0.064,0.144,0.608528,0,0,-0.403328,0,0,0,,,,
1.5454E+12,361,-1.072,-0.1,-0.136,1.17768,0,0,0.569152,1,0,0,,,,
1.5454E+12,362,-1.316,-0.396,0.072,1.893856,1,1,0.716176,1,1,0,,,,
1.5454E+12,363,-1.316,-0.396,0.072,1.893856,1,0,0,0,0,0,,,,
1.5454E+12,364,-1.488,-0.084,0.02,2.2216,1,0,0.327744,0,0,0,,,,
1.5454E+12,365,-0.64,-0.26,0.048,0.479504,0,0,-1.742096,0,0,0,,,,
1.5454E+12,366,-0.816,-0.2,-0.036,0.707152,0,0,0.227648,0,0,0,,,,
1.5454E+12,367,-0.944,-0.236,-0.116,0.960288,0,0,0.253136,0,0,0,,,,
1.5454E+12,368,-1.02,-0.16,-0.268,1.137824,0,0,0.177536,0,0,0,,,,
1.5454E+12,369,-1.02,-0.16,-0.268,1.137824,0,0,0,0,0,0,,,,
1.5454E+12,370,-1.128,-0.568,-0.276,1.671184,1,1,0.53336,1,0,0,,,,
1.5454E+12,371,-1.036,-0.396,0.044,1.232048,0,0,-0.439136,0,0,0,,,,
1.5454E+12,372,-0.912,-0.34,0.164,0.97424,0,0,-0.257808,0,0,0,,,,
1.5454E+12,373,-0.804,-0.076,0.104,0.663008,0,0,-0.311232,0,0,0,,,,
1.5454E+12,374,-0.988,-0.1,0.02,0.986544,0,0,0.323536,0,0,0,,,,
1.5454E+12,375,-0.988,-0.1,0.02,0.986544,0,0,0,0,0,0,,,,
1.5454E+12,376,-0.92,0.004,-0.1,0.856416,0,0,-0.130128,0,0,0,,,,
1.5454E+12,377,-0.936,-0.184,-0.044,0.911888,0,0,0.055472,0,0,0,,,,
1.5454E+12,378,-1.032,-0.02,-0.236,1.12112,0,0,0.209232,0,0,0,,,,
1.5454E+12,379,-1.328,0.016,0.52,2.03424,1,1,0.91312,1,1,0,,,,
1.5454E+12,380,-1.328,0.016,0.52,2.03424,1,0,0,0,0,0,,,,
1.5454E+12,381,-1.18,0.172,0.076,1.42776,0,0,-0.60648,0,0,0,,,,
1.5454E+12,382,-0.84,-0.112,0.092,0.726608,0,0,-0.701152,0,0,0,,,,
1.5454E+12,383,-0.952,-0.08,0.148,0.934608,0,0,0.208,0,0,0,,,,
1.5454E+12,384,-1.02,-0.124,0.196,1.094192,0,0,0.159584,0,0,0,,,,
1.5454E+12,385,-1.02,-0.124,0.196,1.094192,0,0,0,0,0,0,,,,
1.5454E+12,386,-0.776,-0.204,-0.016,0.644048,0,0,-0.450144,0,0,0,,,,
1.5454E+12,387,-0.776,-0.204,-0.016,0.644048,0,0,0,0,0,0,,,,
1.5454E+12,388,-1.036,-0.1,0.208,1.12656,0,0,0.482512,1,0,0,,,,
1.5454E+12,389,-1.036,-0.112,0.052,1.088544,0,0,-0.038016,0,0,0,,,,
1.5454E+12,390,-1.008,0.068,0.036,1.021984,0,0,-0.06656,0,0,0,,,,
1.5454E+12,391,-0.932,0.072,-0.06,0.877408,0,0,-0.144576,0,0,0,,,,
1.5454E+12,392,-0.932,0.072,-0.06,0.877408,0,0,0,0,0,0,,,,
1.5454E+12,393,-1.004,0.128,-0.024,1.024976,0,0,0.147568,0,0,0,,,,
1.5454E+12,394,-0.948,0.164,0.008,0.925664,0,0,-0.099312,0,0,0,,,,
1.5454E+12,395,-1.036,0.152,0.004,1.096416,0,0,0.170752,0,0,0,,,,
1.5454E+12,396,-1.512,-0.064,-0.056,2.293376,1,1,1.19696,1,1,0,,,,
1.5454E+12,397,-0.992,-0.22,0.184,1.06632,0,0,-1.227056,0,0,0,,,,
1.5454E+12,398,-0.912,-0.292,0.144,0.937744,0,0,-0.128576,0,0,0,,,,
1.5454E+12,399,-0.912,-0.292,0.144,0.937744,0,0,0,0,0,0,,,,
1.5454E+12,400,-0.964,-0.224,0.06,0.983072,0,0,0.045328,0,0,0,,,,
1.5454E+12,401,-0.952,-0.16,0.012,0.932048,0,0,-0.051024,0,0,0,,,,
1.5454E+12,402,-0.832,-0.208,-0.12,0.749888,0,0,-0.18216,0,0,0,,,,
1.5454E+12,403,-0.872,-0.18,-0.16,0.818384,0,0,0.068496,0,0,0,,,,
1.5454E+12,404,-1.072,-0.12,-0.14,1.183184,0,0,0.3648,0,0,0,,,,
1.5454E+12,405,-1.072,-0.12,-0.14,1.183184,0,0,0,0,0,0,,,,
1.5454E+12,406,-1.548,-0.464,0.316,2.711456,1,1,1.528272,1,1,0,,,,
1.5454E+12,407,-0.828,-0.412,0.188,0.890672,0,0,-1.820784,0,0,0,,,,
1.5454E+12,408,-0.836,-0.236,0.192,0.791456,0,0,-0.099216,0,0,0,,,,
1.5454E+12,409,-0.932,-0.164,0.132,0.912944,0,0,0.121488,0,0,0,,,,
1.5454E+12,410,-0.932,-0.164,0.132,0.912944,0,0,0,0,0,0,,,,
1.5454E+12,411,-0.924,-0.072,0.076,0.864736,0,0,-0.048208,0,0,0,,,,
1.5454E+12,412,-0.96,-0.104,-0.052,0.93512,0,0,0.070384,0,0,0,,,,
1.5454E+12,413,-0.784,0.048,-0.096,0.626176,0,0,-0.308944,0,0,0,,,,
1.5454E+12,414,-1.084,-0.156,-0.096,1.208608,0,0,0.582432,1,0,0,,,,
1.5454E+12,415,-1.068,-0.036,-0.188,1.177264,0,0,-0.031344,0,0,0,,,,
1.5454E+12,416,-1.02,-0.356,0.348,1.28824,0,0,0.110976,0,0,0,,,,
1.5454E+12,417,-1.02,-0.356,0.348,1.28824,0,0,0,0,0,0,,,,
1.5454E+12,418,-1.06,-0.124,0.16,1.164576,0,0,-0.123664,0,0,0,,,,
1.5454E+12,419,-0.984,-0.18,0.052,1.00336,0,0,-0.161216,0,0,0,,,,
1.5454E+12,420,-0.888,-0.18,-0.044,0.82288,0,0,-0.18048,0,0,0,,,,
1.5454E+12,421,-0.848,-0.168,-0.12,0.761728,0,0,-0.061152,0,0,0,,,,
1.5454E+12,422,-0.94,-0.2,-0.064,0.927696,0,0,0.165968,0,0,0,,,,
1.5454E+12,423,-0.94,-0.2,-0.064,0.927696,0,0,0,0,0,0,,,,
1.5454E+12,424,-1.3,-0.296,0.16,1.803216,1,1,0.87552,1,1,0,,,,
1.5454E+12,425,-1.052,-0.176,0.096,1.146896,0,0,-0.65632,0,0,0,,,,
1.5454E+12,426,-0.932,-0.42,0.136,1.06352,0,0,-0.083376,0,0,0,,,,
1.5454E+12,427,-0.944,-0.196,-0.076,0.935328,0,0,-0.128192,0,0,0,,,,
1.5454E+12,428,-0.948,-0.236,-0.044,0.956336,0,0,0.021008,0,0,0,,,,
1.5454E+12,429,-0.948,-0.236,-0.044,0.956336,0,0,0,0,0,0,,,,
1.5454E+12,430,-0.928,-0.036,-0.024,0.863056,0,0,-0.09328,0,0,0,,,,
1.5454E+12,431,-1.028,-0.028,-0.08,1.063968,0,0,0.200912,0,0,0,,,,
1.5454E+12,432,-1.032,0.004,-0.104,1.075856,0,0,0.011888,0,0,0,,,,
1.5454E+12,433,-1.232,-0.02,-0.016,1.51848,1,1,0.442624,1,0,0,,,,
1.5454E+12,434,-1.176,-0.544,0.228,1.730896,1,0,0.212416,0,0,0,,,,
1.5454E+12,435,-1.176,-0.544,0.228,1.730896,1,0,0,0,0,0,,,,
1.5454E+12,436,-0.828,-0.18,0.136,0.73648,0,0,-0.994416,0,0,0,,,,
1.5454E+12,437,-1.184,-0.232,0.12,1.47008,0,0,0.7336,1,1,1,,,,
1.5454E+12,438,-0.816,-0.116,-0.04,0.680912,0,0,-0.789168,0,0,0,,,,
1.5454E+12,439,-0.96,-0.116,-0.096,0.944272,0,0,0.26336,0,0,0,,,,
1.5454E+12,440,-1.016,-0.104,-0.068,1.047696,0,0,0.103424,0,0,0,,,,
1.5454E+12,441,-1.016,-0.104,-0.068,1.047696,0,0,0,0,0,0,,,,
1.5454E+12,442,-0.892,-0.26,-0.08,0.869664,0,0,-0.178032,0,0,0,,,,
1.5454E+12,443,-0.904,-0.272,-0.14,0.9108,0,0,0.041136,0,0,0,,,,
1.5454E+12,444,-1.436,-0.14,0.32,2.184096,1,1,1.273296,1,1,0,,,,
1.5454E+12,445,-0.78,0.204,0.14,0.669616,0,0,-1.51448,0,0,0,,,,
1.5454E+12,446,-0.816,0.116,0.036,0.680608,0,0,0.010992,0,0,0,,,,
1.5454E+12,447,-0.816,0.116,0.036,0.680608,0,0,0,0,0,0,,,,
1.5454E+12,448,-1.012,0.176,0.136,1.073616,0,0,0.393008,0,0,0,,,,
1.5454E+12,449,-0.988,0.232,0.22,1.078368,0,0,0.004752,0,0,0,,,,
1.5454E+12,450,-0.96,0.048,0.124,0.93928,0,0,-0.139088,0,0,0,,,,
1.5454E+12,451,-0.9,0.016,0.036,0.811552,0,0,-0.127728,0,0,0,,,,
1.5454E+12,452,-1.216,-0.164,-0.096,1.514768,1,1,0.703216,1,1,0,,,,
1.5454E+12,453,-1.216,-0.164,-0.096,1.514768,1,0,0,0,0,0,,,,
1.5454E+12,454,-0.96,-0.112,-0.032,0.935168,0,0,-0.5796,0,0,0,,,,
1.5454E+12,455,-1.068,-0.06,0.02,1.144624,0,0,0.209456,0,0,0,,,,
1.5454E+12,456,-0.996,-0.048,-0.132,1.011744,0,0,-0.13288,0,0,0,,,,
1.5454E+12,457,-1.012,-0.088,-0.036,1.033184,0,0,0.02144,0,0,0,,,,
1.5454E+12,458,-1.056,0,-0.048,1.11744,0,0,0.084256,0,0,0,,,,
1.5454E+12,459,-1.056,0,-0.048,1.11744,0,0,0,0,0,0,,,,
1.5454E+12,460,-1.028,-0.024,-0.036,1.058656,0,0,-0.058784,0,0,0,,,,
1.5454E+12,461,-1.016,-0.012,-0.084,1.039456,0,0,-0.0192,0,0,0,,,,
1.5454E+12,462,-1.012,0.04,-0.096,1.03496,0,0,-0.004496,0,0,0,,,,
1.5454E+12,463,-1.016,0.052,-0.088,1.042704,0,0,0.007744,0,0,0,,,,
1.5454E+12,464,-0.976,0.008,-0.128,0.969024,0,0,-0.07368,0,0,0,,,,
1.5454E+12,465,-0.976,0.008,-0.128,0.969024,0,0,0,0,0,0,,,,
1.5454E+12,466,-0.968,0.028,-0.144,0.958544,0,0,-0.01048,0,0,0,,,,
1.5454E+12,467,-0.984,0.012,-0.132,0.985824,0,0,0.02728,0,0,0,,,,
1.5454E+12,468,-1.028,-0.064,-0.04,1.06248,0,0,0.076656,0,0,0,,,,
1.5454E+12,469,-0.976,0.124,-0.048,0.970256,0,0,-0.092224,0,0,0,,,,
1.5454E+12,470,-1.224,-0.024,0.036,1.500048,1,1,0.529792,1,0,0,,,,
1.5454E+12,471,-1.224,-0.024,0.036,1.500048,1,0,0,0,0,0,,,,
1.5454E+12,472,-1.02,-0.14,-0.12,1.0744,0,0,-0.425648,0,0,0,,,,
1.5454E+12,473,-0.872,-0.248,0.024,0.822464,0,0,-0.251936,0,0,0,,,,
1.5454E+12,474,-0.972,-0.344,0.108,1.074784,0,0,0.25232,0,0,0,,,,
1.5454E+12,475,-0.764,-0.176,-0.012,0.614816,0,0,-0.459968,0,0,0,,,,
1.5454E+12,476,-0.872,-0.284,0.036,0.842336,0,0,0.22752,0,0,0,,,,
1.5454E+12,477,-0.872,-0.284,0.036,0.842336,0,0,0,0,0,0,,,,
1.5454E+12,478,-0.928,-0.256,0.124,0.942096,0,0,0.09976,0,0,0,,,,
1.5454E+12,479,-0.928,-0.256,0.124,0.942096,0,0,0,0,0,0,,,,
1.5454E+12,480,-1.08,-0.42,0.288,1.425744,0,0,0.483648,1,0,0,,,,
1.5454E+12,481,-1.028,-0.268,0.304,1.221024,0,0,-0.20472,0,0,0,,,,
1.5454E+12,482,-0.968,-0.236,0.28,1.07112,0,0,-0.149904,0,0,0,,,,
1.5454E+12,483,-1.036,-0.148,0.396,1.252016,0,0,0.180896,0,0,0,,,,
1.5454E+12,484,-0.956,-0.172,0.38,1.08792,0,0,-0.164096,0,0,0,,,,
1.5454E+12,485,-1.012,-0.232,0.34,1.193568,0,0,0.105648,0,0,0,,,,
1.5454E+12,486,-1.012,-0.232,0.34,1.193568,0,0,0,0,0,0,,,,
1.5454E+12,487,-0.912,-0.228,0.32,0.986128,0,0,-0.20744,0,0,0,,,,
1.5454E+12,488,-0.912,-0.228,0.32,0.986128,0,0,0,0,0,0,,,,
1.5454E+12,489,-0.98,-0.244,0.292,1.1052,0,0,0.119072,0,0,0,,,,
1.5454E+12,490,-0.948,-0.216,0.26,1.01296,0,0,-0.09224,0,0,0,,,,
1.5454E+12,491,-0.988,-0.268,0.276,1.124144,0,0,0.111184,0,0,0,,,,
1.5454E+12,492,-0.984,-0.28,0.244,1.106192,0,0,-0.017952,0,0,0,,,,
1.5454E+12,493,-0.984,-0.28,0.244,1.106192,0,0,0,0,0,0,,,,
1.5454E+12,494,-1.112,-0.256,0.172,1.331664,0,0,0.225472,0,0,0,,,,
1.5454E+12,495,-0.976,-0.244,0.1,1.022112,0,0,-0.309552,0,0,0,,,,
1.5454E+12,496,-0.936,-0.104,0.128,0.903296,0,0,-0.118816,0,0,0,,,,
1.5454E+12,497,-0.996,-0.116,0.032,1.006496,0,0,0.1032,0,0,0,,,,
1.5454E+12,498,-0.968,-0.164,0.008,0.963984,0,0,-0.042512,0,0,0,,,,
1.5454E+12,499,-0.732,-0.14,0.152,0.578528,0,0,-0.385456,0,0,0,,,,
1.5454E+12,500,-0.732,-0.14,0.152,0.578528,0,0,0,0,0,0,,,,
1.5454E+12,501,-1.192,-0.096,-0.096,1.439296,0,0,0.860768,1,1,0,,,,
1.5454E+12,502,-2.04,-0.084,-0.268,4.24048,1,1,2.801184,1,1,0,,,,
1.5454E+12,503,-1.1,-0.4,0.4,1.53,1,0,-2.71048,0,0,0,,,,
1.5454E+12,504,-0.132,0.036,0.192,0.055584,0,0,-1.474416,0,0,0,,,,
1.5454E+12,505,-0.076,-0.1,0.08,0.022176,0,0,-0.033408,0,0,0,,,,
1.5454E+12,506,-0.34,0,0.448,0.316304,0,0,0.294128,0,0,0,,,,
1.5454E+12,507,-0.34,0,0.448,0.316304,0,0,0,0,0,0,,,,
1.5454E+12,508,-2.04,-0.1,-0.896,4.974416,1,1,4.658112,1,1,0,,,,
1.5454E+12,509,-0.504,0.056,-0.092,0.265616,0,0,-4.7088,0,0,0,,,,
1.5454E+12,510,-0.924,-0.376,0.064,0.999248,0,0,0.733632,1,1,1,,,,
1.5454E+12,511,-0.956,-0.06,-0.072,0.92272,0,0,-0.076528,0,0,0,,,,
1.5454E+12,512,-1.1,-0.24,0.012,1.267744,0,0,0.345024,0,0,0,,,,
1.5454E+12,513,-1.1,-0.24,0.012,1.267744,0,0,0,0,0,0,,,,
1.5454E+12,514,-1.104,-0.112,-0.24,1.28896,0,0,0.021216,0,0,0,,,,
1.5454E+12,515,-1.092,-0.164,-0.136,1.237856,0,0,-0.051104,0,0,0,,,,
1.5454E+12,516,-1.012,-0.092,-0.08,1.039008,0,0,-0.198848,0,0,0,,,,
1.5454E+12,517,-1.04,-0.068,-0.056,1.08936,0,0,0.050352,0,0,0,,,,
1.5454E+12,518,-1.04,-0.068,-0.056,1.08936,0,0,0,0,0,0,,,,
1.5454E+12,519,-1.08,-0.104,0.028,1.178,0,0,0.08864,0,0,0,,,,
1.5454E+12,520,-1.052,-0.136,0.044,1.127136,0,0,-0.050864,0,0,0,,,,
1.5454E+12,521,-0.988,-0.196,0.144,1.035296,0,0,-0.09184,0,0,0,,,,
1.5454E+12,522,-1.024,-0.108,0.088,1.067984,0,0,0.032688,0,0,0,,,,
1.5454E+12,523,-0.94,-0.136,0.056,0.905232,0,0,-0.162752,0,0,0,,,,
1.5454E+12,524,-0.94,-0.136,0.056,0.905232,0,0,0,0,0,0,,,,
1.5454E+12,525,-0.784,-0.148,0.016,0.636816,0,0,-0.268416,0,0,0,,,,
1.5454E+12,526,-1.028,-0.22,0.02,1.105584,0,0,0.468768,1,0,0,,,,
1.5454E+12,527,-0.944,-0.152,-0.088,0.921984,0,0,-0.1836,0,0,0,,,,
1.5454E+12,528,-0.904,-0.036,-0.152,0.841616,0,0,-0.080368,0,0,0,,,,
1.5454E+12,529,-1.04,0.052,-0.224,1.13448,0,0,0.292864,0,0,0,,,,
1.5454E+12,530,-0.896,0.04,-0.32,0.906816,0,0,-0.227664,0,0,0,,,,
1.5454E+12,531,-0.896,0.04,-0.32,0.906816,0,0,0,0,0,0,,,,
1.5454E+12,532,-0.9,-0.036,-0.22,0.859696,0,0,-0.04712,0,0,0,,,,
1.5454E+12,533,-1.136,0.244,-0.48,1.580432,1,1,0.720736,1,1,0,,,,
1.5454E+12,534,-1.1,0,-0.176,1.240976,0,0,-0.339456,0,0,0,,,,
1.5454E+12,535,-0.844,-0.02,-0.128,0.72912,0,0,-0.511856,0,0,0,,,,
1.5454E+12,536,-1.44,0.072,-0.284,2.15944,1,1,1.43032,1,1,0,,,,
1.5454E+12,537,-1.44,0.072,-0.284,2.15944,1,0,0,0,0,0,,,,
1.5454E+12,538,-0.924,0.036,-0.204,0.896688,0,0,-1.262752,0,0,0,,,,
1.5454E+12,539,-0.96,0.148,-0.304,1.03592,0,0,0.139232,0,0,0,,,,
1.5454E+12,540,-0.984,0.104,-0.36,1.108672,0,0,0.072752,0,0,0,,,,
1.5454E+12,541,-0.984,0.104,-0.36,1.108672,0,0,0,0,0,0,,,,
1.5454E+12,542,-0.98,0.152,-0.4,1.143504,0,0,0.034832,0,0,0,,,,
1.5454E+12,543,-0.92,0.164,-0.372,1.01168,0,0,-0.131824,0,0,0,,,,
1.5454E+12,544,-0.932,0.06,-0.272,0.946208,0,0,-0.065472,0,0,0,,,,
1.5454E+12,545,-0.968,0.056,-0.248,1.001664,0,0,0.055456,0,0,0,,,,
1.5454E+12,546,-0.964,0.092,-0.26,1.00536,0,0,0.003696,0,0,0,,,,
1.5454E+12,547,-0.964,0.092,-0.26,1.00536,0,0,0,0,0,0,,,,
1.5454E+12,548,-0.972,0.092,-0.268,1.025072,0,0,0.019712,0,0,0,,,,
1.5454E+12,549,-0.984,0.064,-0.252,1.035856,0,0,0.010784,0,0,0,,,,
1.5454E+12,550,-0.992,0.076,-0.252,1.053344,0,0,0.017488,0,0,0,,,,
1.5454E+12,551,-0.972,0.02,-0.2,0.985184,0,0,-0.06816,0,0,0,,,,
1.5454E+12,552,-0.988,0.028,-0.236,1.032624,0,0,0.04744,0,0,0,,,,
1.5454E+12,553,-1,0.072,-0.216,1.05184,0,0,0.019216,0,0,0,,,,
1.5454E+12,554,-1.004,0.076,-0.212,1.058736,0,0,0.006896,0,0,0,,,,
1.5454E+12,555,-1.004,0.076,-0.212,1.058736,0,0,0,0,0,0,,,,
1.5454E+12,556,-0.996,0.076,-0.224,1.047968,0,0,-0.010768,0,0,0,,,,
1.5454E+12,557,-0.996,0.064,-0.196,1.034528,0,0,-0.01344,0,0,0,,,,
1.5454E+12,558,-0.988,0.064,-0.204,1.021856,0,0,-0.012672,0,0,0,,,,
1.5454E+12,559,-1.004,0.068,-0.192,1.049504,0,0,0.027648,0,0,0,,,,
1.5454E+12,560,-0.996,0.06,-0.2,1.035616,0,0,-0.013888,0,0,0,,,,
1.5454E+12,561,-0.996,0.06,-0.2,1.035616,0,0,0,0,0,0,,,,
1.5454E+12,562,-0.996,0.06,-0.228,1.0476,0,0,0.011984,0,0,0,,,,
1.5454E+12,563,-0.984,0.072,-0.224,1.023616,0,0,-0.023984,0,0,0,,,,
1.5454E+12,564,-1.012,0.056,-0.212,1.072224,0,0,0.048608,0,0,0,,,,
1.5454E+12,565,-0.996,0.048,-0.196,1.032736,0,0,-0.039488,0,0,0,,,,
1.5454E+12,566,-1.016,0.06,-0.196,1.074272,0,0,0.041536,0,0,0,,,,
1.5454E+12,567,-1.016,0.06,-0.196,1.074272,0,0,0,0,0,0,,,,
1.5454E+12,568,-0.992,0.048,-0.204,1.027984,0,0,-0.046288,0,0,0,,,,
1.5454E+12,569,-0.996,0.052,-0.188,1.030064,0,0,0.00208,0,0,0,,,,
1.5454E+12,570,-0.996,0.052,-0.22,1.04312,0,0,0.013056,0,0,0,,,,
1.5454E+12,571,-0.996,0.052,-0.18,1.02712,0,0,-0.016,0,0,0,,,,
